TubeNumber,BirdID,SampleDate,Qubit,Island.x,SumVeg_X_Inverts,TQ,TQcorrected,BirthDate,BirthYear,Lifespan,ReproductiveOutput,SexEstimate,CatchTime,season,Sequenced,survive,SamplingAge,Timeinfridge,SampleLeft,SampleType,TerminalYear,LatestEligibleDate,nage,FPID,pop_died,Froh_imp,SequencingRun,mean_TQ_FPID,meancentredTQ,Type,deathdate,SampleYear,YFD,TubeNo,AgeGroup
SW27,6261,2017-07-22,0.0632,CN,27.93,25475.7,25475.7,2014-07-28,2014,7.6,2,1,190,major,1,1,3,60,N,F,0,2022-03-18,0.39473684210526316,major_2017,0.09003215434083602,0.103362908,1,57447.427596153844,-31971.727596153843,F,2022-03-18,2017,4.7,SW27,B
SW39,6554,2017-07-31,0.0342,CN,19.56,43152.92,43152.92,2015-09-26,2015,NA,2,0,638,major,1,1,1.8,51,Y,F,0,NA,NA,major_2017,0.09003215434083602,0.100920607,1,57447.427596153844,-14294.507596153846,F,NA,2017,NA,SW39,A
SW57,6738,2017-08-17,0.102,CN,27.83,78304.71,78304.71,2017-06-23,2017,NA,NA,0,630,major,1,1,0.2,34,N,F,0,NA,NA,major_2017,0.09003215434083602,NA,1,57447.427596153844,20857.282403846162,F,NA,2017,NA,SW57,A
SW65,6676,2017-08-22,0.078,CN,24.05,39351.16,39351.16,2016-07-14,2016,6.7,NA,1,649,major,1,1,1.1,29,N,F,0,2023-03-27,0.16417910447761194,major_2017,0.09003215434083602,0.132793312,1,57447.427596153844,-18096.26759615384,F,2023-03-27,2017,5.6,SW65,A
SW72,6765,2017-08-29,0.0888,CN,13.9,25958.57,25958.57,2017-07-05,2017,NA,NA,0,305,major,1,1,0.2,22,N,F,0,NA,NA,major_2017,0.09003215434083602,0.167459311,1,57447.427596153844,-31488.857596153844,F,NA,2017,NA,SW72,A
SW84,5595,2017-08-23,0.144,CN,21.96,38928.6,38928.6,2011-03-01,2011,8,2,1,201,major,1,1,6.5,28,N,F,0,2019-03-09,0.8125,major_2017,0.09003215434083602,0.067964585,1,57447.427596153844,-18518.827596153846,F,2019-03-09,2017,1.5,SW84,D
SW94,6211,2017-09-02,0.476,CN,32.79,68848.73,68848.73,2014-05-11,2014,NA,3,0,225,major,1,1,3.3,18,N,F,0,NA,NA,major_2017,0.09003215434083602,0.06580473,1,57447.427596153844,11401.302403846152,F,NA,2017,NA,SW94,B
SW98,5624,2017-09-07,0.0512,CN,26.08,64756.95,64756.95,2011-04-21,2011,10.5,3,1,276,major,1,1,6.4,13,N,F,0,2021-09-30,0.6095238095238096,major_2017,0.09003215434083602,0.158424175,1,57447.427596153844,7309.522403846153,F,2021-09-30,2017,4.1,SW98,D
SW109,6061,2017-09-10,0.0936,CN,18.33,41968.89,41968.89,2013-01-30,2013,5.7,5,0,120,major,1,1,4.6,10,N,F,0,2018-09-30,0.8070175438596491,major_2017,0.09003215434083602,0.161657359,1,57447.427596153844,-15478.537596153845,F,2018-09-30,2017,1.1,SW109,C
SW134,5545,2017-09-13,0.656,CN,10.69,32073.94,32073.94,2010-08-03,2010,12.1,5,0,375,major,1,1,7.1,7,Y,F,0,2022-09-14,0.5867768595041322,major_2017,0.09003215434083602,0.122399102,1,57447.427596153844,-25373.487596153846,F,2022-09-14,2017,5,SW134,D
SW136,6381,2018-02-22,0.141,CN,11.95,25429.07,25429.07,2015-08-25,2015,8.1,NA,1,270,minor,1,1,2.5,20,N,F,0,2023-10-09,0.308641975308642,minor_2018,0.05825242718446602,0.216520676,1,41565.9888425926,-16136.918842592597,F,2023-10-09,2018,5.6,SW136,B
SW146,6191,2018-02-24,0.106,CN,17.81,34091.35,34091.35,2014-07-23,2014,NA,2,0,317,minor,1,1,3.6,18,N,F,0,NA,NA,minor_2018,0.05825242718446602,0.152350041,1,41565.9888425926,-7474.638842592598,F,NA,2018,NA,SW146,B
SW149,6009,2018-02-28,0.0588,CN,8.24,15375.92,15375.92,2013-02-26,2013,NA,3,0,184,minor,1,1,5,14,Y,F,0,NA,NA,minor_2018,0.05825242718446602,0.106397225,1,41565.9888425926,-26190.0688425926,F,NA,2018,NA,SW149,C
SW167,5635,2018-03-08,0.0732,CN,18.48,59331.8,59331.8,2010-12-16,2010,9.3,7,0,367,minor,1,1,7.2,6,S,F,0,2020-03-16,0.7741935483870968,minor_2018,0.05825242718446602,0.18023167,1,41565.9888425926,17765.811157407406,F,2020-03-16,2018,2,SW167,D
SW169,6737,2018-03-03,0.0632,CN,16.47,40708.94,40708.94,2016-08-16,2016,5.1,1,0,673,minor,1,1,1.5,11,Y,F,0,2021-09-30,0.29411764705882354,minor_2018,0.05825242718446602,0.135036745,1,41565.9888425926,-857.0488425925942,F,2021-09-30,2018,3.6,SW169,A
SW193,5657,2018-07-07,0.145,CN,3.51,8842,8842,2011-08-23,2011,10.1,7,0,458,major,1,1,6.9,77,Y,F,0,2021-09-30,0.6831683168316832,major_2018,0.10497237569060773,0.100611769,1,10992.481296296297,-2150.481296296297,F,2021-09-30,2018,3.2,SW193,D
SW197,1762,2018-07-07,0.101,CN,3.51,8842,8842,2002-10-10,2002,17.4,11,1,294,major,1,1,15.7,77,S,F,0,2020-03-16,0.9022988505747127,major_2018,0.10497237569060773,0.120737605,1,10992.481296296297,-2150.481296296297,F,2020-03-16,2018,1.7,SW197,G
SW223,6022,2018-07-25,0.169,CN,18.16,30405.1,30405.1,2012-07-24,2012,7.2,5,0,360,major,1,1,6,59,Y,F,0,2019-09-23,0.8333333333333333,major_2018,0.10497237569060773,0.090300222,1,10992.481296296297,19412.6187037037,F,2019-09-23,2018,1.2,SW223,C
SW225,6881,2018-07-30,0.159,CN,12.2,18965.57,18965.57,2018-03-15,2018,NA,NA,0,675,major,1,1,0.4,54,Y,F,0,NA,NA,major_2018,0.10497237569060773,0.15095706,1,10992.481296296297,7973.088703703703,F,NA,2018,NA,SW225,A
SW232,6754,2018-08-02,0.154,CN,5.92,15549.87,15549.87,2017-06-27,2017,5.2,NA,0,320,major,1,1,1.1,51,Y,F,0,2022-09-14,0.21153846153846154,major_2018,0.10497237569060773,0.092488486,1,10992.481296296297,4557.388703703704,F,2022-09-14,2018,4.1,SW232,A
SW233,5543,2018-08-04,0.134,CN,6.02,17438.84,17438.84,2010-08-05,2010,NA,6,0,165,major,1,1,8,49,S,F,0,NA,NA,major_2018,0.10497237569060773,0.105434968,1,10992.481296296297,6446.358703703703,F,NA,2018,NA,SW233,D
SW245,5559,2018-08-16,0.428,CN,3.69,5356.77,5356.77,2010-01-05,2010,9.2,8,1,610,major,1,1,8.6,37,S,F,1,2019-03-09,0.9347826086956522,major_2018,0.10497237569060773,0.098240034,1,10992.481296296297,-5635.7112962962965,F,2019-03-09,2018,0.6,SW245,E
SW254,5630,2018-08-22,0.361,CN,2.32,6386.19,6386.19,2011-04-01,2011,10.5,8,0,156,major,1,1,7.4,31,Y,f,0,2021-09-30,0.7047619047619048,major_2018,0.10497237569060773,0.107087301,1,10992.481296296297,-4606.291296296297,F,2021-09-30,2018,3.1,SW254,D
SW259,6698,2018-08-22,0.0644,CN,2.32,6386.19,6386.19,2016-10-02,2016,NA,NA,1,211,major,1,1,1.9,31,Y,F,0,NA,NA,major_2018,0.10497237569060773,0.132148141,1,10992.481296296297,-4606.291296296297,F,NA,2018,NA,SW259,A
SW271,6032,2018-08-27,0.0524,CN,2.31,7201.9,7201.9,2012-12-15,2012,5.8,1,1,348,major,1,0,5.7,26,Y,F,1,2018-09-30,0.9827586206896552,major_2018,0.10497237569060773,0.12118116,1,10992.481296296297,-3790.5812962962973,F,2018-09-30,2018,0.1,SW271,C
SW277,1826,2018-08-30,1.43,CN,3.3,7624.43,7624.43,2003-08-09,2003,16.6,12,0,210,major,1,1,15.1,23,Y,F,0,2020-03-16,0.9096385542168673,major_2018,0.10497237569060773,0.12334578,1,10992.481296296297,-3368.0512962962966,F,2020-03-16,2018,1.5,SW277,G
SW281,6912,2018-09-04,0.0832,CN,4.53,15353.45,15353.45,2018-07-04,2018,NA,NA,1,144,major,1,1,0.2,18,Y,F,0,NA,NA,major_2018,0.10497237569060773,0.0475388,1,10992.481296296297,4360.968703703704,F,NA,2018,NA,SW281,A
SW285,6036,2018-08-31,0.0588,CN,5.28,9718.46,9718.46,2012-12-27,2012,8.8,7,0,330,major,1,1,5.7,22,Y,F,0,2021-09-30,0.6477272727272727,major_2018,0.10497237569060773,0.106464125,1,10992.481296296297,-1274.0212962962978,F,2021-09-30,2018,3.1,SW285,C
SW298,6158,2018-09-04,0.0936,CN,4.53,15353.45,15353.45,2014-03-02,2014,9.6,1,1,362,major,1,1,4.5,18,N,F,0,2023-10-09,0.46875,major_2018,0.10497237569060773,0.129053339,1,10992.481296296297,4360.968703703704,F,2023-10-09,2018,5.1,SW298,C
SW302,5644,2018-09-04,0.0712,CN,5.67,19708.4,19708.4,2011-05-02,2011,11.4,2,0,304,major,1,1,7.3,18,Y,F,0,2022-09-14,0.6403508771929824,major_2018,0.10497237569060773,0.141613085,1,10992.481296296297,8715.918703703705,F,2022-09-14,2018,4,SW302,D
SW351,3089,2018-09-17,0.106,CN,0.8,2099.71,2099.71,2004-11-04,2004,15.4,10,1,585,major,1,1,13.9,5,Y,F,0,2020-03-16,0.9025974025974026,major_2018,0.10497237569060773,0.099934523,1,10992.481296296297,-8892.771296296298,F,2020-03-16,2018,1.5,SW351,G
SW356,6181,2018-09-18,0.592,CN,3.85,12566.71,12566.71,2013-07-18,2013,5.2,1,0,315,major,1,0,5.2,4,Y,F,1,2018-09-30,1,major_2018,0.10497237569060773,0.085142065,1,10992.481296296297,1574.2287037037022,F,2018-09-30,2018,0,SW356,C
SW357,6914,2018-09-17,0.156,CN,0.8,2099.71,2099.71,2018-06-15,2018,NA,NA,1,564,major,1,1,0.3,5,Y,F,0,NA,NA,major_2018,0.10497237569060773,0.134451143,1,10992.481296296297,-8892.771296296298,F,NA,2018,NA,SW357,A
SW372,6009,2019-01-29,0.098,CN,1.11,2071.49,2071.49,2013-02-26,2013,NA,3,0,191,minor,1,1,5.9,39,Y,F,0,NA,NA,minor_2019,0.18926553672316385,0.106397225,1,9925.820545454546,-7854.330545454546,F,NA,2019,NA,SW372,C
SW386,7068,2019-01-31,0.0948,CN,3.85,7213.19,7213.19,2018-09-16,2018,3,NA,1,250,minor,1,1,0.4,37,N,F,0,2021-09-30,0.13333333333333333,minor_2019,0.18926553672316385,0.126927209,1,9925.820545454546,-2712.6305454545463,F,2021-09-30,2019,2.7,SW386,A
SW413,5850,2019-02-09,0.611,CN,1.74,7213.32,7213.32,2012-01-28,2012,NA,NA,1,290,minor,1,1,7,28,Y,F,0,NA,NA,minor_2019,0.18926553672316385,0.115330636,1,9925.820545454546,-2712.5005454545462,F,NA,2019,NA,SW413,D
SW418,5545,2019-02-15,0.0508,CN,1.88,4812.16,4812.16,2010-08-03,2010,12.1,5,0,360,minor,1,1,8.5,22,N,F,0,2022-09-14,0.7024793388429752,minor_2019,0.18926553672316385,0.122399102,1,9925.820545454546,-5113.660545454546,F,2022-09-14,2019,3.6,SW418,E
SW423,5779,2019-02-12,0.11,CN,4.2,9267.42,9267.42,2011-02-08,2011,NA,4,1,730,minor,1,1,8,25,N,F,0,NA,NA,minor_2019,0.18926553672316385,0.134887366,1,9925.820545454546,-658.4005454545459,F,NA,2019,NA,SW423,D
SW424,5009,2019-02-14,0.143,CN,1.74,7213.32,7213.32,2006-10-24,2006,15.4,1,0,95,minor,1,1,12.3,23,S,F,0,2022-03-18,0.7987012987012987,minor_2019,0.18926553672316385,0.093364598,1,9925.820545454546,-2712.5005454545462,F,2022-03-18,2019,3.1,SW424,G
SW557,6144,2019-07-14,0.0536,CN,5.38,7952.59,7952.59,2014-02-21,2014,NA,4,1,275,major,1,1,5.4,71,N,F,0,NA,NA,major_2019,0.11333333333333333,0.058430542,1,25071.265887850466,-17118.675887850466,F,NA,2019,NA,SW557,C
SW577,6838,2019-08-12,0.153,CN,10.66,24415.29,24415.29,2017-10-05,2017,NA,NA,0,371,major,1,1,1.9,42,Y,F,0,NA,NA,major_2019,0.11333333333333333,0.164946445,1,25071.265887850466,-655.9758878504654,F,NA,2019,NA,SW577,A
SW584,6919,2020-02-11,0.145,CN,NA,NA,39092.775,2018-07-17,2018,NA,NA,0,350,minor,1,1,1.6,34,Y,F,0,NA,NA,minor_2020,NA,0.139014075,1,34142.66416666667,4950.110833333332,F,NA,2020,NA,SW584,A
SW601,6185,2020-02-13,0.095,CN,NA,NA,65189.96,2014-03-25,2014,NA,2,0,130,minor,1,1,5.9,32,Y,F,0,NA,NA,minor_2020,NA,0.094763995,1,34142.66416666667,31047.29583333333,F,NA,2020,NA,SW601,C
SW608,3456,2020-02-17,0.148,CN,NA,NA,37302.94,2004-06-13,2004,17.8,17,1,373,minor,1,1,15.7,28,Y,F,0,2022-03-18,0.8820224719101123,minor_2020,NA,0.13416155,1,34142.66416666667,3160.275833333333,F,2022-03-18,2020,2.1,SW608,G
SW613,5635,2020-02-18,0.0316,CN,NA,NA,34999.225,2010-12-16,2010,9.3,7,0,360,minor,1,0,9.2,27,N,F,1,2020-03-16,0.9892473118279569,minor_2020,NA,0.18023167,1,34142.66416666667,856.5608333333294,F,2020-03-16,2020,0.1,SW613,E
SW636,5853,2020-02-27,0.123,CN,NA,NA,17115.735,2012-07-29,2012,NA,2,1,360,minor,1,1,7.6,18,Y,F,0,NA,NA,minor_2020,NA,0.143026228,1,34142.66416666667,-17026.92916666667,F,NA,2020,NA,SW636,D
SW645,7144,2020-03-02,0.188,CN,NA,NA,36399.345,2019-06-02,2019,4.4,NA,1,235,minor,1,1,0.8,14,N,F,0,2023-10-09,0.18181818181818182,minor_2020,NA,0.042463214,1,34142.66416666667,2256.680833333332,F,2023-10-09,2020,3.6,SW645,A
SW666,6036,2020-03-10,0.196,CN,NA,NA,39092.775,2012-12-27,2012,8.8,7,0,610,minor,1,1,7.2,6,Y,F,0,2021-09-30,0.8181818181818181,minor_2020,NA,0.106464125,1,34142.66416666667,4950.110833333332,F,2021-09-30,2020,1.6,SW666,D
SW687,7068,2021-04-30,0.0984,CN,4.59,4372.59,4372.59,2018-09-16,2018,3,NA,1,173,minor,1,1,2.6,46,N,F,1,2021-09-30,0.8666666666666667,minor_2021,NA,0.126927209,1,41771.6270754717,-37399.0370754717,F,2021-09-30,2021,0.4,SW687,B
SW704,6554,2021-05-14,0.0432,CN,17.48,75662.93,75662.93,2015-09-26,2015,NA,2,0,232,minor,1,1,5.6,32,N,F,0,NA,NA,minor_2021,NA,0.100920607,1,41771.6270754717,33891.302924528296,F,NA,2021,NA,SW704,C
SW705,5779,2021-05-14,0.0308,CN,17.48,75662.93,75662.93,2011-02-08,2011,NA,4,1,360,minor,1,1,10.3,32,N,F,0,NA,NA,minor_2021,NA,0.134887366,1,41771.6270754717,33891.302924528296,F,NA,2021,NA,SW705,F
SW743,3456,2021-06-29,0.0496,CN,5.62,12390.23,12390.23,2004-06-13,2004,17.8,17,1,307,major,1,1,17,93,Y,F,1,2022-03-18,0.9550561797752809,major_2021,0.23026315789473684,0.13416155,1,25930.977281553398,-13540.747281553398,F,2022-03-18,2021,0.7,SW743,G
SW745,5624,2021-07-01,0.0456,CN,6.63,12963.11,12963.11,2011-04-21,2011,10.5,3,1,198,major,1,0,10.2,91,N,F,1,2021-09-30,0.9714285714285713,major_2021,0.23026315789473684,0.158424175,1,25930.977281553398,-12967.867281553397,F,2021-09-30,2021,0.2,SW745,F
SW754,5626,2021-07-06,0.0704,CN,14.5,15967.31,15967.31,2010-11-22,2010,11.3,10,1,480,major,1,1,10.6,86,Y,F,1,2022-03-18,0.9380530973451326,major_2021,0.23026315789473684,0.081332169,1,25930.977281553398,-9963.667281553398,F,2022-03-18,2021,0.7,SW754,F
SW765,5545,2021-07-15,0.0556,CN,0.72,1895.45,1895.45,2010-08-03,2010,12.1,5,0,298,major,1,1,10.9,77,N,F,0,2022-09-14,0.9008264462809918,major_2021,0.23026315789473684,0.122399102,1,25930.977281553398,-24035.527281553397,F,2022-09-14,2021,1.2,SW765,F
SW807,6191,2021-08-03,0.0652,CN,9.17,14751.56,14751.56,2014-07-23,2014,NA,2,0,599,major,1,1,7,58,Y,F,0,NA,NA,major_2021,0.23026315789473684,0.152350041,1,25930.977281553398,-11179.417281553398,F,NA,2021,NA,SW807,D
SW815,6375,2021-08-05,0.156,CN,8.02,18448.82,18448.82,2014-12-23,2014,NA,2,1,730,major,1,1,6.6,56,Y,F,0,NA,NA,major_2021,0.23026315789473684,0.12137636,1,25930.977281553398,-7482.157281553398,F,NA,2021,NA,SW815,D
SW826,6574,2021-08-08,0.042,CN,13.74,28504.24,28504.24,2015-10-19,2015,NA,1,1,307,major,1,1,5.8,53,Y,F,0,NA,NA,major_2021,0.23026315789473684,0.119513247,1,25930.977281553398,2573.2627184466037,F,NA,2021,NA,SW826,C
SW835,6671,2021-08-11,0.123,CN,9.29,25566.76,25566.76,2016-05-03,2016,6.4,NA,1,605,major,1,1,5.3,50,Y,F,0,2022-09-14,0.8281249999999999,major_2021,0.23026315789473684,0.083305712,1,25930.977281553398,-364.2172815533995,F,2022-09-14,2021,1.1,SW835,C
SW867,6737,2021-08-28,0.0432,CN,18.47,45850.68,45850.68,2016-08-16,2016,5.1,1,0,570,major,1,0,5,33,Y,F,1,2021-09-30,0.9803921568627452,major_2021,0.23026315789473684,0.135036745,1,25930.977281553398,19919.702718446602,F,2021-09-30,2021,0.1,SW867,C
SW886,6036,2021-09-12,0.0492,CN,21.89,77039.61,77039.61,2012-12-27,2012,8.8,7,0,529,major,1,0,8.7,18,N,F,1,2021-09-30,0.9886363636363634,major_2021,0.23026315789473684,0.106464125,1,25930.977281553398,51108.632718446606,F,2021-09-30,2021,0,SW886,E
SW896,5543,2021-09-05,0.13,CN,9.72,38750.35,38750.35,2010-08-05,2010,NA,6,0,606,major,1,1,11.1,25,Y,F,0,NA,NA,major_2021,0.23026315789473684,0.105434968,1,25930.977281553398,12819.3727184466,F,NA,2021,NA,SW896,F
SW984,NA,2021-09-10,0.52,CN,NA,NA,NA,NA,NA,NA,10224,NA,360,major,1,NA,NA,20,NA,C,0,NA,NA,major_2021,0.23026315789473684,NA,1,NA,NA,C,NA,2021,NA,SW984,NA
SW994,6009,2022-01-26,0.0368,CN,13.37,24782.11,24782.11,2013-02-26,2013,NA,3,0,133,minor,1,1,8.9,51,N,F,0,NA,NA,minor_2022,0.13533834586466165,0.106397225,1,35016.47289719626,-10234.36289719626,F,NA,2022,NA,SW994,E
SW1007,5009,2022-02-02,0.0356,CN,20.86,86911.71,86911.71,2006-10-24,2006,15.4,1,0,154,minor,1,0,15.3,44,N,F,1,2022-03-18,0.9935064935064936,minor_2022,0.13533834586466165,0.093364598,1,35016.47289719626,51895.237102803745,F,2022-03-18,2022,0.1,SW1007,G
SW1016,6676,2022-02-04,0.0912,CN,13.9,25694.94,25694.94,2016-07-14,2016,6.7,NA,1,554,minor,1,1,5.6,42,Y,F,0,2023-03-27,0.835820895522388,minor_2022,0.13533834586466165,0.132793312,1,35016.47289719626,-9321.532897196263,F,2023-03-27,2022,1.1,SW1016,C
SW1033,6381,2022-02-15,0.0122,CN,1.91,3139.3,3139.3,2015-08-25,2015,8.1,NA,1,143,minor,1,1,6.5,31,N,F,0,2023-10-09,0.8024691358024691,minor_2022,0.13533834586466165,0.216520676,1,35016.47289719626,-31877.172897196262,F,2023-10-09,2022,1.6,SW1033,D
SW1060,6158,2022-03-04,0.0116,CN,44.39,86152.69,86152.69,2014-03-02,2014,9.6,1,1,229,minor,1,1,8,14,Y,F,0,2023-10-09,0.8333333333333334,minor_2022,0.13533834586466165,0.129053339,1,35016.47289719626,51136.21710280374,F,2023-10-09,2022,1.6,SW1060,D
SW1079,6261,2022-03-12,0.116,CN,31.57,28981.26,28981.26,2014-07-28,2014,7.6,2,1,157,minor,1,0,7.6,6,Y,F,1,2022-03-18,1,minor_2022,0.13533834586466165,0.103362908,1,35016.47289719626,-6035.212897196263,F,2022-03-18,2022,0,SW1079,D
SW1082,6144,2022-03-14,0.0364,CN,6.86,24440.63,24440.63,2014-02-21,2014,NA,4,1,510,minor,1,1,8.1,4,N,F,0,NA,NA,minor_2022,0.13533834586466165,0.058430542,1,35016.47289719626,-10575.84289719626,F,NA,2022,NA,SW1082,E
SW1158,6912,2022-07-01,0.0828,CN,11.37,28672.71,28672.71,2018-07-04,2018,NA,NA,1,332,major,1,1,4,75,N,F,0,NA,NA,major_2022,0.1821705426356589,0.0475388,1,20906.611336633665,7766.098663366334,F,NA,2022,NA,SW1158,B
SW1170,6211,2022-07-09,0.12,CN,13.91,30056.56,30056.56,2014-05-11,2014,NA,3,0,174,major,1,1,8.2,67,Y,F,0,NA,NA,major_2022,0.1821705426356589,0.06580473,1,20906.611336633665,9149.948663366336,F,NA,2022,NA,SW1170,E
SW1193,5644,2022-07-20,0.0312,CN,5.98,19816.52,19816.52,2011-05-02,2011,11.4,2,0,160,major,1,0,11.2,56,Y,F,1,2022-09-14,0.9824561403508771,major_2022,0.1821705426356589,0.141613085,1,20906.611336633665,-1090.0913366336645,F,2022-09-14,2022,0.2,SW1193,F
SW1196,6754,2022-07-25,0.293,CN,2.73,4209.97,4209.97,2017-06-27,2017,5.2,NA,0,209,major,1,0,5.1,51,N,F,1,2022-09-14,0.9807692307692306,major_2022,0.1821705426356589,0.092488486,1,20906.611336633665,-16696.641336633664,F,2022-09-14,2022,0.1,SW1196,C
SW1198,5850,2022-07-25,0.183,CN,2.56,10678.55,10678.55,2012-01-28,2012,NA,NA,1,324,major,1,1,10.5,51,N,F,0,NA,NA,major_2022,0.1821705426356589,0.115330636,1,20906.611336633665,-10228.061336633666,F,NA,2022,NA,SW1198,F
SW1200,6914,2022-07-26,0.0616,CN,5.32,27727.58,27727.58,2018-06-15,2018,NA,NA,1,599,major,1,1,4.1,50,N,F,0,NA,NA,major_2022,0.1821705426356589,0.134451143,1,20906.611336633665,6820.968663366337,F,NA,2022,NA,SW1200,C
SW1206,6738,2022-08-01,0.0592,CN,2.18,6866.21,6866.21,2017-06-23,2017,NA,NA,0,304,major,1,1,5.1,44,N,F,0,NA,NA,major_2022,0.1821705426356589,NA,1,20906.611336633665,-14040.401336633666,F,NA,2022,NA,SW1206,C
SW1217,6919,2022-08-06,0.222,CN,8.08,16991.16,16991.16,2018-07-17,2018,NA,NA,0,530,major,1,1,4.1,39,N,F,0,NA,NA,major_2022,0.1821705426356589,0.139014075,1,20906.611336633665,-3915.451336633665,F,NA,2022,NA,SW1217,C
SW1250,6838,2022-08-23,0.191,CN,3.97,7964.73,7964.73,2017-10-05,2017,NA,NA,0,228,major,1,1,4.9,22,Y,F,0,NA,NA,major_2022,0.1821705426356589,0.164946445,1,20906.611336633665,-12941.881336633665,F,NA,2022,NA,SW1250,C
SW1251,6881,2022-08-23,0.17,CN,0.74,1222.67,1222.67,2018-03-15,2018,NA,NA,0,302,major,1,1,4.4,22,N,F,0,NA,NA,major_2022,0.1821705426356589,0.15095706,1,20906.611336633665,-19683.941336633667,F,NA,2022,NA,SW1251,C
SW1253,6191,2022-08-25,0.084,CN,7.74,12442.6,12442.6,2014-07-23,2014,NA,2,0,169,major,1,1,8.1,20,Y,F,0,NA,NA,major_2022,0.1821705426356589,0.152350041,1,20906.611336633665,-8464.011336633665,F,NA,2022,NA,SW1253,E
SW1261,6765,2022-09-01,0.141,CN,68.77,186021.23,186021.23,2017-07-05,2017,NA,NA,0,436,major,1,1,5.2,13,Y,F,0,NA,NA,major_2022,0.1821705426356589,0.167459311,1,20906.611336633665,165114.61866336636,F,NA,2022,NA,SW1261,C
SW1263,5590,2022-09-07,0.165,CN,3.17,6797.8,6797.8,2011-02-28,2011,12.6,6,1,154,major,1,1,11.5,7,Y,F,0,2023-10-09,0.9126984126984127,major_2022,0.1821705426356589,0.154298383,1,20906.611336633665,-14108.811336633666,F,2023-10-09,2022,1.1,SW1263,F
SWControl,NA,NA,NA,NA,NA,NA,NA,NA,NA,NA,NA,NA,360,minor,1,NA,NA,NA,NA,NA,0,NA,NA,minor_NA,NA,NA,1,NA,NA,C,NA,NA,NA,SWControl,NA
SW29,5901,2017-07-22,0.162,CN,23.22,45367.55,45367.55,2012-06-05,2012,10.8,7,0,182,major,1,1,5.1,60,Y,F,0,2023-03-27,0.47222222222222215,major_2017,0.09003215434083602,0.159303953,2,57447.427596153844,-12079.877596153841,F,2023-03-27,2017,5.7,SW29,C
SW55,6707,2017-08-10,0.184,CN,29.05,72942.35,72942.35,2016-10-09,2016,7,NA,0,610,major,1,1,0.8,41,N,F,0,2023-10-09,0.1142857142857143,major_2017,0.09003215434083602,0.158242721,2,57447.427596153844,15494.922403846162,F,2023-10-09,2017,6.2,SW55,A
SW80,6249,2017-08-28,0.208,CN,13.9,25958.57,25958.57,2014-07-29,2014,NA,1,1,573,major,1,1,3.1,23,Y,F,0,NA,NA,major_2017,0.09003215434083602,0.088747505,2,57447.427596153844,-31488.857596153844,F,NA,2017,NA,SW80,B
SW166,6378,2018-03-07,0.349,CN,13.35,24345.84,24345.84,2015-08-04,2015,NA,2,0,295,minor,1,1,2.6,7,Y,F,0,NA,NA,minor_2018,0.05825242718446602,0.102940431,2,41565.9888425926,-17220.148842592596,F,NA,2018,NA,SW166,B
SW220,6875,2018-07-25,0.164,CN,8.01,25238.2,25238.2,2017-10-24,2017,NA,NA,0,162,major,1,1,0.8,59,Y,F,0,NA,NA,major_2018,0.10497237569060773,0.137304006,2,10992.481296296297,14245.718703703704,F,NA,2018,NA,SW220,A
SW294,6925,2018-09-03,0.115,CN,4.86,12291.88,12291.88,2017-12-03,2017,NA,NA,0,325,major,1,1,0.8,19,Y,F,0,NA,NA,major_2018,0.10497237569060773,0.088934825,2,10992.481296296297,1299.3987037037023,F,NA,2018,NA,SW294,A
SW334,6909,2018-09-12,0.177,CN,5.46,13252.4,13252.4,2017-12-12,2017,5.8,1,0,250,major,1,1,0.8,10,Y,F,0,2023-10-09,0.13793103448275862,major_2018,0.10497237569060773,0.080471819,2,10992.481296296297,2259.9187037037027,F,2023-10-09,2018,5.1,SW334,A
SW369,6745,2019-01-28,0.267,CN,2.83,4186.27,4186.27,2017-06-19,2017,NA,NA,1,360,minor,1,1,1.6,40,Y,F,0,NA,NA,minor_2019,0.18926553672316385,0.171080147,2,9925.820545454546,-5739.5505454545455,F,NA,2019,NA,SW369,A
SW370,6249,2019-01-28,0.192,CN,1.11,2071.49,2071.49,2014-07-29,2014,NA,1,1,192,minor,1,1,4.5,40,Y,F,0,NA,NA,minor_2019,0.18926553672316385,0.088747505,2,9925.820545454546,-7854.330545454546,F,NA,2019,NA,SW370,C
SW370B,NA,NA,NA,NA,NA,NA,NA,NA,NA,NA,NA,NA,360,minor,1,NA,NA,NA,NA,NA,0,NA,NA,minor_NA,NA,NA,2,NA,NA,C,NA,NA,NA,SW370B,NA
SW373,6870,2019-01-30,0.164,CN,1.29,3359.68,3359.68,2018-02-15,2018,5.6,NA,1,295,minor,1,1,1,38,Y,F,0,2023-10-09,0.17857142857142858,minor_2019,0.18926553672316385,0.152254732,2,9925.820545454546,-6566.140545454546,F,2023-10-09,2019,4.7,SW373,A
SW417,6921,2019-02-09,0.121,CN,2.42,6841.65,6841.65,2018-07-11,2018,NA,NA,1,200,minor,1,1,0.6,28,Y,F,0,NA,NA,minor_2019,0.18926553672316385,0.146927494,2,9925.820545454546,-3084.1705454545463,F,NA,2019,NA,SW417,A
SW555,6892,2019-08-04,0.131,CN,10.26,28130.03,28130.03,2018-04-09,2018,NA,1,1,259,major,1,1,1.3,50,N,F,0,NA,NA,major_2019,0.11333333333333333,0.106981911,2,25071.265887850466,3058.7641121495326,F,NA,2019,NA,SW555,A
SW628,6572,2020-02-24,0.113,CN,NA,NA,41211.525,2015-10-14,2015,NA,1,1,625,minor,1,1,4.4,21,N,F,0,NA,NA,minor_2020,NA,0.1259063,2,34142.66416666667,7068.860833333332,F,NA,2020,NA,SW628,C
SW657,7071,2020-03-06,0.67,CN,NA,NA,30477.86,2018-09-15,2018,NA,NA,1,525,minor,1,1,1.5,10,Y,F,0,NA,NA,minor_2020,NA,0.105773132,2,34142.66416666667,-3664.8041666666686,F,NA,2020,NA,SW657,A
SW790,6882,2021-07-23,0.0564,CN,0.52,876.49,876.49,2018-06-08,2018,NA,NA,0,344,major,1,1,3.1,69,Y,F,0,NA,NA,major_2021,0.23026315789473684,0.093585459,2,25930.977281553398,-25054.487281553396,F,NA,2021,NA,SW790,B
SW1205,6909,2022-07-30,0.0596,CN,2.73,1782.42,1782.42,2017-12-12,2017,5.8,1,0,646,major,1,1,4.6,46,N,F,0,2023-10-09,0.793103448275862,major_2022,0.1821705426356589,0.080471819,2,20906.611336633665,-19124.191336633667,F,2023-10-09,2022,1.2,SW1205,C
SW1270,6191,2023-01-27,NA,CN,11.18,17975.75,17975.75,2014-07-23,2014,NA,2,0,715,minor,1,1,8.5,59,NA,F,0,NA,NA,minor_2023,0.14285714285714285,0.152350041,2,65707.54004901962,-47731.79004901962,F,NA,2023,NA,SW1270,E
SW1281,6158,2023-02-02,NA,CN,NA,NA,24262.410000000003,2014-03-02,2014,9.6,1,1,532,minor,1,1,8.9,53,NA,F,1,2023-10-09,0.9270833333333334,minor_2023,0.14285714285714285,0.129053339,2,65707.54004901962,-41445.130049019615,F,2023-10-09,2023,0.7,SW1281,E
SW1284,6745,2023-02-03,NA,CN,6.75,20386.24,20386.24,2017-06-19,2017,NA,NA,1,340,minor,1,1,5.6,52,NA,F,0,NA,NA,minor_2023,0.14285714285714285,0.171080147,2,65707.54004901962,-45321.300049019614,F,NA,2023,NA,SW1284,C
SW1295,5901,2023-02-14,NA,CN,9.26,17398.19,17398.19,2012-06-05,2012,10.8,7,0,210,minor,1,0,10.7,41,NA,F,1,2023-03-27,0.9907407407407406,minor_2023,0.14285714285714285,0.159303953,2,65707.54004901962,-48309.35004901962,F,2023-03-27,2023,0.1,SW1295,F
SW1307,6882,2023-02-20,NA,CN,39.03,60267.23,60267.23,2018-06-08,2018,NA,NA,0,570,minor,1,1,4.7,35,NA,F,0,NA,NA,minor_2023,0.14285714285714285,0.093585459,2,65707.54004901962,-5440.310049019616,F,NA,2023,NA,SW1307,C
SW1309,6925,2023-02-21,NA,CN,47.33,91155.04,91155.04,2017-12-03,2017,NA,NA,0,260,minor,1,1,5.2,34,NA,F,0,NA,NA,minor_2023,0.14285714285714285,0.088934825,2,65707.54004901962,25447.499950980375,F,NA,2023,NA,SW1309,C
SW1312,6144,2023-02-26,NA,CN,7.02,16671.97,16671.97,2014-02-21,2014,NA,4,1,361,minor,1,1,9,29,NA,F,0,NA,NA,minor_2023,0.14285714285714285,0.058430542,2,65707.54004901962,-49035.57004901962,F,NA,2023,NA,SW1312,E
SW1315,6249,2023-03-03,NA,CN,133.2,246959.5,246959.5,2014-07-29,2014,NA,1,1,179,minor,1,1,8.6,24,NA,F,0,NA,NA,minor_2023,0.14285714285714285,0.088747505,2,65707.54004901962,181251.95995098038,F,NA,2023,NA,SW1315,E
SW1316,6766,2023-03-03,NA,CN,13.23,21430.23,21430.23,2017-07-02,2017,5.7,NA,0,694,minor,1,0,5.7,24,NA,F,1,2023-03-27,1,minor_2023,0.14285714285714285,0.14521101,2,65707.54004901962,-44277.31004901962,F,2023-03-27,2023,0.1,SW1316,C
SW1318,6375,2023-03-04,NA,CN,13.93,32038.69,32038.69,2014-12-23,2014,NA,2,1,603,minor,1,1,8.2,23,NA,F,0,NA,NA,minor_2023,0.14285714285714285,0.12137636,2,65707.54004901962,-33668.85004901962,F,NA,2023,NA,SW1318,E
SW1321,6574,2023-03-10,NA,CN,2.99,9411,9411,2015-10-19,2015,NA,1,1,625,minor,1,1,7.4,17,NA,F,0,NA,NA,minor_2023,0.14285714285714285,0.119513247,2,65707.54004901962,-56296.54004901962,F,NA,2023,NA,SW1321,D
SW1372,6870,2023-06-27,NA,CN,3.68,12263.4,12263.4,2018-02-15,2018,5.6,NA,1,244,major,1,1,5.4,104,NA,F,1,2023-10-09,0.9642857142857144,major_2023,NA,0.152254732,2,29861.58901098901,-17598.18901098901,F,2023-10-09,2023,0.3,SW1372,C
SW1391,6738,2023-07-17,NA,CN,12.11,38158.91,38158.91,2017-06-23,2017,NA,NA,0,117,major,1,1,6.1,84,NA,F,0,NA,NA,major_2023,NA,NA,2,29861.58901098901,8297.320989010994,F,NA,2023,NA,SW1391,D
SW1402,7144,2023-07-21,NA,CN,5.12,16979.17,16979.17,2019-06-02,2019,4.4,NA,1,195,major,1,1,4.1,80,NA,F,1,2023-10-09,0.9318181818181817,major_2023,NA,0.042463214,2,29861.58901098901,-12882.419010989011,F,2023-10-09,2023,0.2,SW1402,C
SW1414,5850,2023-07-27,NA,CN,6.02,25072.59,25072.59,2012-01-28,2012,NA,NA,1,130,major,1,1,11.5,74,NA,F,0,NA,NA,major_2023,NA,0.115330636,2,29861.58901098901,-4788.99901098901,F,NA,2023,NA,SW1414,F
SW1417,5779,2023-07-31,NA,CN,3.27,11614.4,11614.4,2011-02-08,2011,NA,4,1,687,major,1,1,12.5,70,NA,F,0,NA,NA,major_2023,NA,0.134887366,2,29861.58901098901,-18247.18901098901,F,NA,2023,NA,SW1417,G
SW1421,NA,2023-08-31,NA,CN,NA,NA,NA,NA,NA,NA,10224,NA,360,major,1,NA,NA,39,NA,C,0,NA,NA,major_2023,NA,NA,2,NA,NA,C,NA,2023,NA,SW1421,NA
SW1424,6921,2023-08-03,NA,CN,10.34,22389.23,22389.23,2018-07-11,2018,NA,NA,1,240,major,1,1,5.1,67,NA,F,0,NA,NA,major_2023,NA,0.146927494,2,29861.58901098901,-7472.35901098901,F,NA,2023,NA,SW1424,C
SW1442,6572,2023-08-16,NA,CN,17.69,43762.32,43762.32,2015-10-14,2015,NA,1,1,225,major,1,1,7.8,54,NA,F,0,NA,NA,major_2023,NA,0.1259063,2,29861.58901098901,13900.73098901099,F,NA,2023,NA,SW1442,D
SW1443,6211,2023-08-15,NA,CN,13.69,43562.18,43562.18,2014-05-11,2014,NA,3,0,360,major,1,1,9.3,55,NA,F,0,NA,NA,major_2023,NA,0.06580473,2,29861.58901098901,13700.59098901099,F,NA,2023,NA,SW1443,E
SW1457,6914,2023-08-28,NA,CN,16.38,85438.97,85438.97,2018-06-15,2018,NA,NA,1,360,major,1,1,5.2,42,NA,F,0,NA,NA,major_2023,NA,0.134451143,2,29861.58901098901,55577.38098901099,F,NA,2023,NA,SW1457,C
SW1458,6707,2023-08-28,NA,CN,16.38,85438.97,85438.97,2016-10-09,2016,7,NA,0,99,major,1,1,6.9,42,NA,F,1,2023-10-09,0.9857142857142858,major_2023,NA,0.158242721,2,29861.58901098901,55577.38098901099,F,2023-10-09,2023,0.1,SW1458,D
SW1463,6892,2023-08-31,NA,CN,11.05,52540.14,52540.14,2018-04-09,2018,NA,1,1,314,major,1,1,5.4,39,NA,F,0,NA,NA,major_2023,NA,0.106981911,2,29861.58901098901,22678.55098901099,F,NA,2023,NA,SW1463,C
SW1465,7071,2023-08-30,NA,CN,9.96,24811.62,24811.62,2018-09-15,2018,NA,NA,1,301,major,1,1,5,40,NA,F,0,NA,NA,major_2023,NA,0.105773132,2,29861.58901098901,-5049.969010989011,F,NA,2023,NA,SW1465,C
SW1468,6875,2023-09-07,NA,CN,15.82,51618.69,51618.69,2017-10-24,2017,NA,NA,0,112,major,1,1,5.9,32,NA,F,0,NA,NA,major_2023,NA,0.137304006,2,29861.58901098901,21757.100989010993,F,NA,2023,NA,SW1468,C
SW131,6788,2017-09-12,0.0248,CN,6.32,32175.18,32175.18,2016-12-12,2016,4.8,NA,1,677,major,1,1,0.8,8,Y,F,0,2021-09-30,0.16666666666666669,major_2017,0.09003215434083602,0.115918072,2,57447.427596153844,-25272.247596153844,F,2021-09-30,2017,4.1,SW131,A
SW195,6693,2018-07-17,0.167,CN,3.83,9602.27,9602.27,2016-09-28,2016,3.5,1,0,255,major,1,1,1.8,67,Y,F,0,2020-03-16,0.5142857142857143,major_2018,0.10497237569060773,0.165107738,2,10992.481296296297,-1390.2112962962965,F,2020-03-16,2018,1.7,SW195,A
SW204,6739,2018-07-17,0.0552,CN,4.06,7317.6,7317.6,2017-07-29,2017,5.1,NA,1,255,major,1,1,1,67,N,F,0,2022-09-14,0.19607843137254904,major_2018,0.10497237569060773,0.126127161,2,10992.481296296297,-3674.8812962962966,F,2022-09-14,2018,4.2,SW204,A
SW222,6708,2018-07-25,0.0564,CN,18.16,30405.1,30405.1,2016-10-15,2016,2.4,1,1,254,major,1,1,1.8,59,Y,F,1,2019-03-09,0.75,major_2018,0.10497237569060773,0.11671537,2,10992.481296296297,19412.6187037037,F,2019-03-09,2018,0.6,SW222,A
SW235,6556,2018-08-04,0.266,CN,3.5,8004.97,8004.97,2015-05-12,2015,3.4,2,1,310,major,1,0,3.2,49,N,F,1,2018-09-30,0.9411764705882354,major_2018,0.10497237569060773,0.135261272,2,10992.481296296297,-2987.5112962962967,F,2018-09-30,2018,0.2,SW235,B
SW270,6032,2018-08-27,0.072,CN,2.31,7201.9,7201.9,2012-12-15,2012,5.8,1,1,348,major,1,0,5.7,26,N,F,1,2018-09-30,0.9827586206896552,major_2018,0.10497237569060773,0.12118116,2,10992.481296296297,-3790.5812962962973,F,2018-09-30,2018,0.1,SW270,C
SW284,6732,2018-08-31,0.564,CN,6.02,17438.84,17438.84,2017-02-11,2017,2.1,NA,1,322,major,1,1,1.5,22,Y,f,1,2019-03-09,0.7142857142857143,major_2018,0.10497237569060773,0.08977318,2,10992.481296296297,6446.358703703703,F,2019-03-09,2018,0.5,SW284,A
SW323,5549,2018-09-10,0.0768,CN,5.55,17837.56,17837.56,2009-12-17,2009,9.2,9,0,214,major,1,1,8.7,12,N,F,1,2019-03-09,0.9456521739130435,major_2018,0.10497237569060773,0.100889449,2,10992.481296296297,6845.078703703704,F,2019-03-09,2018,0.5,SW323,E
SW336,6747,2018-09-13,0.168,CN,2.39,5894.06,5894.06,2017-03-31,2017,1.5,1,1,156,major,1,0,1.5,9,Y,F,1,2018-09-30,1,major_2018,0.10497237569060773,0.156423596,2,10992.481296296297,-5098.4212962962965,F,2018-09-30,2018,0,SW336,A
SW347,6694,2018-09-17,0.32,CN,4.23,10233.73,10233.73,2016-09-29,2016,2,1,1,203,major,1,0,2,5,Y,F,1,2018-09-30,1,major_2018,0.10497237569060773,0.148674219,2,10992.481296296297,-758.7512962962974,F,2018-09-30,2018,0,SW347,A
SW377,6732,2019-01-29,0.29,CN,2.96,9215.97,9215.97,2017-02-11,2017,2.1,NA,1,630,minor,1,0,2,39,Y,F,1,2019-03-09,0.9523809523809523,minor_2019,0.18926553672316385,0.08977318,2,9925.820545454546,-709.8505454545466,F,2019-03-09,2019,0.1,SW377,A
SW379,6708,2019-01-30,0.0792,CN,12.44,20817.63,20817.63,2016-10-15,2016,2.4,1,1,155,minor,1,0,2.3,38,N,F,1,2019-03-09,0.9583333333333333,minor_2019,0.18926553672316385,0.11671537,2,9925.820545454546,10891.809454545455,F,2019-03-09,2019,0.1,SW379,B
SW388,6782,2019-02-02,0.109,CN,4.28,10633.01,10633.01,2017-08-27,2017,1.5,NA,1,150,minor,1,0,1.4,35,Y,F,1,2019-03-09,0.9333333333333332,minor_2019,0.18926553672316385,0.154661291,2,9925.820545454546,707.1894545454543,F,2019-03-09,2019,0.1,SW388,A
SW398,7084,2019-02-04,0.197,CN,0.96,2298.47,2298.47,2018-05-06,2018,1.9,NA,1,585,minor,1,1,0.8,33,Y,F,0,2020-03-16,0.4210526315789474,minor_2019,0.18926553672316385,0.097169638,2,9925.820545454546,-7627.350545454547,F,2020-03-16,2019,1.1,SW398,A
SW404,6781,2019-02-06,0.106,CN,2.89,8986.54,8986.54,2017-07-15,2017,1.6,NA,1,360,minor,1,0,1.6,31,Y,F,1,2019-03-09,1,minor_2019,0.18926553672316385,0.110168356,2,9925.820545454546,-939.2805454545451,F,2019-03-09,2019,0.1,SW404,A
SW438,6831,2019-02-22,0.052,CN,5.05,11256.24,11256.24,2017-09-26,2017,4,1,1,180,minor,1,1,1.4,15,Y,F,0,2021-09-30,0.35,minor_2019,0.18926553672316385,0.130054086,2,9925.820545454546,1330.4194545454538,F,2021-09-30,2019,2.6,SW438,A
SW441,6697,2019-02-25,0.48,CN,7.48,12678.03,12678.03,2016-09-27,2016,2.4,NA,1,565,minor,1,0,2.4,12,N,F,1,2019-03-09,1,minor_2019,0.18926553672316385,0.098429736,2,9925.820545454546,2752.2094545454547,F,2019-03-09,2019,0,SW441,B
SW457,5822,2019-03-05,0.166,CN,5.61,10230.53,10230.53,2012-05-02,2012,6.9,9,1,580,minor,1,0,6.8,4,Y,F,1,2019-03-09,0.9855072463768115,minor_2019,0.18926553672316385,0.121390107,2,9925.820545454546,304.7094545454547,F,2019-03-09,2019,0,SW457,D
SW564,6920,2019-07-20,0.203,CN,12.87,23689.64,23689.64,2018-07-18,2018,4.2,1,0,315,major,1,1,1,65,N,F,0,2022-09-14,0.23809523809523808,major_2019,0.11333333333333333,0.077402036,2,25071.265887850466,-1381.6258878504668,F,2022-09-14,2019,3.2,SW564,A
SW583,7115,2020-02-10,0.178,CN,NA,NA,38556.15,2019-05-12,2019,3.9,NA,1,615,minor,1,1,0.8,35,Y,F,0,2023-03-27,0.20512820512820515,minor_2020,NA,0.068560635,2,34142.66416666667,4413.485833333332,F,2023-03-27,2020,3.1,SW583,A
SW596,6886,2020-02-12,0.202,CN,NA,NA,41830.59,2018-08-06,2018,1.6,NA,1,350,minor,1,0,1.5,33,Y,F,1,2020-03-16,0.9375,minor_2020,NA,0.104042903,2,34142.66416666667,7687.925833333327,F,2020-03-16,2020,0.1,SW596,A
SW629,7127,2020-02-24,0.256,CN,NA,NA,41211.525,2019-05-26,2019,3.3,NA,0,625,minor,1,1,0.8,21,Y,F,0,2022-09-14,0.24242424242424246,minor_2020,NA,NA,2,34142.66416666667,7068.860833333332,F,2022-09-14,2020,2.6,SW629,A
SW633,6868,2020-02-25,0.048,CN,NA,NA,39577.65,2018-02-16,2018,4.6,NA,1,365,minor,1,1,2,20,Y,F,0,2022-09-14,0.4347826086956522,minor_2020,NA,0.076944002,2,34142.66416666667,5434.985833333332,F,2022-09-14,2020,2.6,SW633,A
SW639,6766,2020-02-27,0.0848,CN,NA,NA,17115.735,2017-07-02,2017,5.7,NA,0,650,minor,1,1,2.7,18,N,F,0,2023-03-27,0.4736842105263158,minor_2020,NA,0.14521101,2,34142.66416666667,-17026.92916666667,F,2023-03-27,2020,3.1,SW639,B
SW646,6693,2020-03-02,0.0296,CN,NA,NA,31122.56,2016-09-28,2016,3.5,1,0,485,minor,1,0,3.4,14,Y,F,1,2020-03-16,0.9714285714285714,minor_2020,NA,0.165107738,2,34142.66416666667,-3020.104166666668,F,2020-03-16,2020,0,SW646,B
SW658,7084,2020-03-06,0.0856,CN,NA,NA,24863.07,2018-05-06,2018,1.9,NA,1,640,minor,1,0,1.8,10,Y,F,1,2020-03-16,0.9473684210526316,minor_2020,NA,0.097169638,2,34142.66416666667,-9279.59416666667,F,2020-03-16,2020,0,SW658,A
SW780,6788,2021-07-23,0.062,CN,4.06,19204.97,19204.97,2016-12-12,2016,4.8,NA,1,254,major,1,0,4.6,69,N,F,1,2021-09-30,0.9583333333333333,major_2021,0.23026315789473684,0.115918072,2,25930.977281553398,-6726.007281553397,F,2021-09-30,2021,0.2,SW780,C
SW812,7069,2021-08-05,0.148,CN,0.52,876.49,876.49,2018-09-10,2018,3.1,NA,1,305,major,1,0,2.9,56,Y,F,1,2021-09-30,0.9354838709677419,major_2021,0.23026315789473684,0.08521813,2,25930.977281553398,-25054.487281553396,F,2021-09-30,2021,0.2,SW812,B
SW866,6831,2021-08-28,0.0568,CN,8.48,16000.08,16000.08,2017-09-26,2017,4,1,1,348,major,1,0,3.9,33,N,F,1,2021-09-30,0.975,major_2021,0.23026315789473684,0.130054086,2,25930.977281553398,-9930.897281553398,F,2021-09-30,2021,0.1,SW866,B
SW986,6868,2022-01-24,0.108,CN,13.15,26594.4,26594.4,2018-02-16,2018,4.6,NA,1,343,minor,1,1,3.9,53,Y,F,1,2022-09-14,0.8478260869565218,minor_2022,0.13533834586466165,0.076944002,2,35016.47289719626,-8422.07289719626,F,2022-09-14,2022,0.6,SW986,B
SW1038,6739,2022-02-17,0.0528,CN,3.84,5684.63,5684.63,2017-07-29,2017,5.1,NA,1,193,minor,1,1,4.6,29,N,F,1,2022-09-14,0.9019607843137255,minor_2022,0.13533834586466165,0.126127161,2,35016.47289719626,-29331.84289719626,F,2022-09-14,2022,0.6,SW1038,C
SW1068,6558,2022-03-05,0.0672,CN,48.63,65994.29,65994.29,2015-10-15,2015,6.4,NA,0,556,minor,1,0,6.4,13,N,F,1,2022-03-18,1,minor_2022,0.13533834586466165,0.025808468,2,35016.47289719626,30977.817102803732,F,2022-03-18,2022,0,SW1068,D
SW1166,6159,2022-07-07,0.0508,CN,3.46,8395.66,8395.66,2014-03-02,2014,8.5,3,0,353,major,1,0,8.3,69,N,F,1,2022-09-14,0.9764705882352942,major_2022,0.1821705426356589,0.068040924,2,20906.611336633665,-12510.951336633665,F,2022-09-14,2022,0.2,SW1166,E
SW1174,6671,2022-07-09,0.102,CN,8.17,19794.31,19794.31,2016-05-03,2016,6.4,NA,1,397,major,1,0,6.2,67,N,F,1,2022-09-14,0.96875,major_2022,0.1821705426356589,0.083305712,2,20906.611336633665,-1112.3013366336636,F,2022-09-14,2022,0.2,SW1174,D
SW1214,7127,2022-08-05,0.0748,CN,11.37,28672.71,28672.71,2019-05-26,2019,3.3,NA,0,282,major,1,0,3.2,40,N,F,1,2022-09-14,0.9696969696969698,major_2022,0.1821705426356589,NA,2,20906.611336633665,7766.098663366334,F,2022-09-14,2022,0.1,SW1214,B
SW1226,6920,2022-08-09,0.0512,CN,7.03,9066.46,9066.46,2018-07-18,2018,4.2,1,0,645,major,1,0,4.1,36,N,F,1,2022-09-14,0.976190476190476,major_2022,0.1821705426356589,0.077402036,2,20906.611336633665,-11840.151336633666,F,2022-09-14,2022,0.1,SW1226,C
SW1258,6754,2022-08-30,0.0536,CN,2.73,4209.97,4209.97,2017-06-27,2017,5.2,NA,0,249,major,1,0,5.2,15,Y,F,1,2022-09-14,1,major_2022,0.1821705426356589,0.092488486,2,20906.611336633665,-16696.641336633664,F,2022-09-14,2022,0,SW1258,C
SW160,6217,2018-03-03,0.0512,CN,14.08,31393.52,31393.52,2014-05-14,2014,7.8,1,0,344,minor,1,1,3.8,11,Y,F,0,2022-03-18,0.48717948717948717,minor_2018,0.05825242718446602,0.138786799,2,41565.9888425926,-10172.468842592596,F,2022-03-18,2018,4,SW160,B
SW697,5829,2021-05-07,0.078,CN,21.55,51051.77,51051.77,2012-04-13,2012,9.5,2,1,660,minor,1,1,9.1,39,N,F,1,2021-09-30,0.9578947368421052,minor_2021,NA,0.184890827,2,41771.6270754717,9280.1429245283,F,2021-09-30,2021,0.4,SW697,E
SW724,6029,2021-06-10,0.0588,CN,6.68,14474.24,14474.24,2012-12-07,2012,9.8,3,1,497,major,1,1,8.5,5,N,F,0,2022-09-14,0.8673469387755102,major_2021,NA,0.063405228,2,41771.6270754717,-27297.3870754717,F,2022-09-14,2021,1.3,SW724,E
SW1078,4885,2022-03-11,0.026,CN,14.02,37831.31,37831.31,2006-08-05,2006,15.6,1,0,600,minor,1,0,15.6,7,Y,F,1,2022-03-18,1,minor_2022,0.13533834586466165,0.130192468,2,35016.47289719626,2814.8371028037363,F,2022-03-18,2022,0,SW1078,G
SWzymo,NA,NA,NA,NA,NA,NA,NA,NA,NA,NA,NA,NA,360,minor,1,NA,NA,NA,NA,NA,0,NA,NA,minor_NA,NA,NA,2,NA,NA,C,NA,NA,NA,SWzymo,NA
